id;name;name_content_type;file_extension;type
1;../data/blob/hipster.png;image/png;generating Highway Ergonomic;GALLERY
2;../data/blob/hipster.png;image/png;New York tangible Mississippi;GALLERY
3;../data/blob/hipster.png;image/png;hard drive Robust Networked;THUMBNAIL
4;../data/blob/hipster.png;image/png;Small partnerships;GALLERY
5;../data/blob/hipster.png;image/png;Harbor Montana;THUMBNAIL
6;../data/blob/hipster.png;image/png;white Brand Money Market Account;GALLERY
7;../data/blob/hipster.png;image/png;Refined Squares;THUMBNAIL
8;../data/blob/hipster.png;image/png;EXE projection Fresh;THUMBNAIL
9;../data/blob/hipster.png;image/png;withdrawal;GALLERY
10;../data/blob/hipster.png;image/png;ability Hat Iraq;THUMBNAIL
